id,target
10655,1
11229,1
11939,1
11197,1
9479,1
14687,1
14614,1
13287,1
14544,1
14763,1
9816,1
13048,1
10896,1
14179,1
12305,1
10917,1
10786,1
11740,1
12687,1
9208,1
9334,1
13243,1
8557,1
11638,1
9150,1
13750,1
14785,1
10375,1
9209,1
15120,1
10502,1
8193,1
13159,1
15284,1
14914,1
10337,1
11099,1
11335,1
15255,1
14949,1
8081,1
8785,1
14074,1
11713,1
9034,1
11120,1
8344,1
15396,1
13696,1
7980,1
14568,1
8496,1
12394,1
9157,1
13337,1
11653,1
11077,1
12026,1
13205,1
8640,1
13566,1
9983,1
12504,1
11367,1
12545,1
10866,1
8702,1
11874,1
9851,1
8927,1
10173,1
8823,1
15358,1
8958,1
12407,1
8130,1
8075,1
13417,1
9914,1
8937,1
11584,1
14965,1
14394,1
13271,1
11564,1
11914,1
11831,1
11737,1
15350,1
11597,1
10354,1
10499,1
13074,1
12994,1
9830,1
14192,1
10278,1
8770,1
12873,1
8043,1
8719,1
13887,1
14640,1
15276,1
14240,1
14293,1
10090,1
14694,1
14683,1
8676,1
10741,1
11401,1
12533,1
11448,1
10860,1
14368,1
8949,1
11141,1
10818,1
11946,1
9424,1
13289,1
14575,1
9935,1
10693,1
9131,1
14701,1
13650,1
13631,1
10858,1
14718,1
12645,1
14476,1
11179,1
7852,1
12494,1
14425,1
12972,1
14502,1
14825,1
10223,1
8544,1
10335,1
9598,1
14290,1
13506,1
11495,1
10168,1
8665,1
7901,1
7741,1
14971,1
11073,1
14213,1
9703,1
14706,1
11540,1
7968,1
13882,1
13968,1
13969,1
13043,1
8246,1
14311,1
12384,1
10038,1
9617,1
10065,1
9127,1
12484,1
13311,1
10370,1
12917,1
9395,1
8128,1
12162,1
12523,1
10670,1
13054,1
9062,1
10272,1
10465,1
12723,1
11212,1
11983,1
8769,1
8462,1
8875,1
7931,1
13146,1
12637,1
12560,1
11037,1
13037,1
11807,1
15151,1
10880,1
8140,1
13804,1
12028,1
12519,1
12542,1
9299,1
10492,1
11294,1
10722,1
14787,1
12969,1
14998,1
9058,1
12646,1
10958,1
13346,1
9302,1
8142,1
10016,1
10378,1
15245,1
11326,1
13819,1
11955,1
15271,1
10511,1
11891,1
15095,1
10794,1
12358,1
14250,1
11966,1
13926,1
12939,1
14497,1
12244,1
7721,1
9858,1
11010,1
10757,1
8135,1
8002,1
8154,1
14079,1
10681,1
10950,1
13529,1
8159,1
9654,1
11441,1
9332,1
10930,1
11061,1
14772,1
11084,1
10188,1
9575,1
12038,1
14378,1
14353,1
8239,1
13817,1
13042,1
8605,1
7865,1
15020,1
9955,1
10713,1
13936,1
7928,1
9772,1
13645,1
14427,1
10105,1
10979,1
9095,1
9521,1
8793,1
13408,1
10565,1
9751,1
14932,1
10126,1
11301,1
8946,1
9404,1
12831,1
7880,1
13656,1
13409,1
13692,1
12034,1
14339,1
11456,1
9712,1
11654,1
12707,1
8152,1
13508,1
13321,1
13458,1
13063,1
13443,1
13130,1
14431,1
11232,1
8261,1
8986,1
12862,1
11096,1
9520,1
8056,1
8404,1
12675,1
11730,1
7809,1
13530,1
13281,1
13967,1
8350,1
8497,1
13778,1
7893,1
11392,1
9228,1
8411,1
15065,1
11205,1
14369,1
12877,1
10330,1
11658,1
11699,1
13291,1
8625,1
9908,1
10089,1
9817,1
8940,1
9465,1
9723,1
13610,1
10247,1
13339,1
13914,1
10764,1
14161,1
14933,1
13416,1
13511,1
11895,1
8551,1
14887,1
12547,1
11159,1
13131,1
10240,1
13203,1
7822,1
14509,1
13885,1
8387,1
10299,1
10781,1
11963,1
8036,1
14515,1
8518,1
8108,1
14417,1
11053,1
9040,1
14412,1
9289,1
14875,1
10753,1
12456,1
14051,1
9541,1
12465,1
10785,1
13371,1
11862,1
12196,1
11942,1
11171,1
10514,1
10078,1
15079,1
8965,1
14910,1
10720,1
14616,1
14872,1
10399,1
12761,1
11385,1
10582,1
10194,1
9425,1
13579,1
14735,1
14777,1
9132,1
9506,1
9768,1
12841,1
9916,1
12018,1
10810,1
8671,1
9753,1
9187,1
14181,1
12654,1
12074,1
9028,1
11866,1
9596,1
13827,1
11256,1
13341,1
14942,1
10298,1
9000,1
13755,1
11796,1
13052,1
13120,1
8538,1
10846,1
9719,1
14239,1
9399,1
11264,1
10075,1
13257,1
14141,1
12561,1
11847,1
9573,1
10144,1
15202,1
11057,1
10050,1
9137,1
12695,1
12706,1
14463,1
7934,1
7866,1
9989,1
14991,1
10873,1
13109,1
7791,1
11688,1
12499,1
10766,1
9244,1
13550,1
10473,1
14481,1
13843,1
11739,1
11830,1
11350,1
14899,1
12878,1
14662,1
14424,1
13204,1
10182,1
8041,1
10157,1
11577,1
14457,1
10265,1
14664,1
10226,1
7812,1
14551,1
12997,1
9963,1
13444,1
11536,1
8406,1
8153,1
9593,1
10155,1
9030,1
11615,1
8560,1
11118,1
10521,1
7821,1
10339,1
10527,1
11261,1
8401,1
9883,1
10164,1
11016,1
15123,1
11365,1
9849,1
8906,1
14572,1
12801,1
12853,1
11603,1
14791,1
13276,1
13693,1
10170,1
13844,1
11442,1
14999,1
10213,1
10505,1
7811,1
10913,1
9455,1
11762,1
8103,1
12374,1
7792,1
14587,1
8959,1
11453,1
9773,1
10756,1
9423,1
10690,1
11669,1
8812,1
14454,1
14207,1
8334,1
10606,1
14006,1
8548,1
10185,1
8661,1
12861,1
14073,1
14447,1
10304,1
9569,1
13229,1
7877,1
9964,1
10897,1
15105,1
7973,1
10355,1
14555,1
8087,1
12798,1
7817,1
11734,1
15239,1
9142,1
14691,1
13431,1
10739,1
8893,1
9870,1
15325,1
10196,1
12797,1
12398,1
10320,1
9882,1
11715,1
8120,1
15282,1
10341,1
10411,1
11474,1
7785,1
12688,1
8459,1
15304,1
10228,1
13534,1
8646,1
13066,1
12299,1
14974,1
13097,1
10760,1
12290,1
11387,1
12717,1
13667,1
15352,1
8030,1
13923,1
9241,1
8574,1
15164,1
13107,1
8346,1
13921,1
10584,1
13893,1
7783,1
9522,1
15099,1
14009,1
12272,1
15368,1
14347,1
14460,1
14356,1
8257,1
8643,1
11445,1
10131,1
15376,1
10419,1
15241,1
9310,1
14300,1
11359,1
12655,1
14794,1
9152,1
8674,1
14784,1
12944,1
14751,1
9933,1
12165,1
11324,1
12608,1
12418,1
7754,1
11775,1
8939,1
14626,1
10254,1
12238,1
8270,1
7703,1
12476,1
13219,1
8354,1
7825,1
13148,1
12866,1
14776,1
8598,1
14758,1
11968,1
8006,1
14228,1
13038,1
9056,1
8475,1
10985,1
8304,1
13798,1
8563,1
8864,1
7953,1
9342,1
12344,1
9609,1
15292,1
10526,1
14414,1
8231,1
12593,1
8564,1
11826,1
12090,1
9906,1
8124,1
14364,1
10024,1
7990,1
12711,1
8987,1
12175,1
12554,1
10321,1
11477,1
9579,1
11990,1
9741,1
8044,1
14037,1
8852,1
13519,1
8339,1
9114,1
11789,1
11028,1
14860,1
10382,1
8288,1
11107,1
12515,1
10861,1
14206,1
13288,1
11814,1
9341,1
13352,1
15263,1
12767,1
11908,1
10464,1
7753,1
13570,1
15324,1
11319,1
10139,1
14071,1
14519,1
11135,1
14176,1
10351,1
12895,1
9550,1
13558,1
9815,1
9777,1
8553,1
14492,1
9055,1
13546,1
8601,1
9624,1
8543,1
11086,1
11068,1
11655,1
14113,1
9118,1
10035,1
14684,1
14858,1
12900,1
9632,1
12941,1
10141,1
7992,1
10455,1
13797,1
12636,1
14993,1
13294,1
9167,1
12471,1
8762,1
11520,1
11476,1
10136,1
9649,1
11569,1
12382,1
14699,1
15066,1
14269,1
12293,1
14100,1
10899,1
15094,1
12703,1
10938,1
8105,1
13147,1
9054,1
7922,1
13518,1
9631,1
12859,1
14271,1
14350,1
10195,1
12306,1
13242,1
8449,1
12211,1
12415,1
11149,1
14693,1
12416,1
9939,1
11215,1
9390,1
13239,1
11492,1
12291,1
14803,1
10927,1
11069,1
8485,1
12224,1
12800,1
11185,1
11742,1
15116,1
9973,1
11887,1
10040,1
8976,1
9036,1
7786,1
10843,1
11433,1
11662,1
9082,1
12901,1
14970,1
9249,1
11824,1
14802,1
14489,1
8466,1
13712,1
15030,1
8820,1
15318,1
12893,1
9213,1
10594,1
15250,1
11618,1
10100,1
14611,1
12283,1
13426,1
11403,1
11374,1
14405,1
10239,1
11004,1
8755,1
14142,1
8088,1
10901,1
9833,1
8295,1
10496,1
11307,1
10083,1
14183,1
11944,1
14542,1
13586,1
8174,1
15167,1
12691,1
8794,1
9111,1
12282,1
13202,1
11343,1
8610,1
9867,1
12834,1
9037,1
10525,1
14930,1
12278,1
10329,1
8065,1
9338,1
9481,1
12611,1
8506,1
12607,1
14308,1
11896,1
13259,1
14205,1
12131,1
9512,1
14893,1
14033,1
12273,1
11905,1
14922,1
12885,1
9633,1
11642,1
8050,1
13629,1
9728,1
11174,1
8021,1
11931,1
11191,1
10552,1
9202,1
13157,1
12251,1
10453,1
15219,1
11631,1
14928,1
12070,1
15056,1
15117,1
11019,1
13977,1
8586,1
11018,1
10011,1
9469,1
12371,1
8675,1
10795,1
13056,1
14448,1
11765,1
14804,1
15070,1
12149,1
11616,1
11549,1
15191,1
12702,1
9067,1
10789,1
10025,1
11389,1
8177,1
14741,1
8721,1
7957,1
13085,1
11166,1
15062,1
11573,1
13802,1
13764,1
8734,1
11458,1
9736,1
12697,1
7799,1
14637,1
9169,1
11484,1
12509,1
9188,1
11547,1
8363,1
12136,1
12909,1
11498,1
8742,1
12768,1
12101,1
9877,1
13800,1
11720,1
9895,1
12860,1
9458,1
11381,1
10229,1
14717,1
10507,1
8969,1
9776,1
7997,1
8347,1
12102,1
10876,1
9247,1
12734,1
9290,1
9501,1
8689,1
14756,1
14408,1
14434,1
10642,1
8766,1
14996,1
12100,1
9507,1
13303,1
7835,1
10059,1
10060,1
13784,1
14249,1
14880,1
8287,1
10149,1
9161,1
10432,1
8757,1
12053,1
10618,1
14203,1
12621,1
9097,1
15183,1
10672,1
14458,1
12143,1
9462,1
9013,1
13946,1
9269,1
15124,1
10488,1
12682,1
12325,1
10216,1
11431,1
12775,1
13762,1
8277,1
9441,1
8175,1
10444,1
12160,1
10857,1
11634,1
14638,1
12171,1
12514,1
8026,1
11064,1
11552,1
11045,1
12913,1
9397,1
9921,1
12483,1
10504,1
9044,1
8791,1
13269,1
8013,1
13000,1
10227,1
8067,1
9066,1
9464,1
15083,1
13182,1
11239,1
12368,1
13070,1
10711,1
13974,1
11371,1
10167,1
14722,1
10191,1
11910,1
11811,1
14193,1
11649,1
11397,1
8491,1
11446,1
8307,1
8390,1
9355,1
15024,1
13372,1
10177,1
14473,1
9261,1
9961,1
12838,1
12477,1
14788,1
11472,1
7950,1
7871,1
9443,1
11852,1
9934,1
11491,1
11062,1
13737,1
12403,1
13032,1
14472,1
11752,1
11021,1
14495,1
10509,1
8162,1
10542,1
11858,1
14615,1
10450,1
12400,1
9836,1
8517,1
10576,1
10820,1
10812,1
9266,1
10769,1
10431,1
10668,1
9282,1
7890,1
11146,1
8581,1
11100,1
15076,1
8434,1
11514,1
12518,1
11835,1
14123,1
13153,1
11848,1
10965,1
12759,1
12887,1
9762,1
10468,1
10140,1
12242,1
12954,1
13238,1
15343,1
8358,1
12427,1
9698,1
9083,1
11117,1
13477,1
14384,1
13411,1
12973,1
14072,1
15045,1
9063,1
9340,1
12693,1
10567,1
13766,1
13041,1
10294,1
9024,1
8291,1
11821,1
14163,1
13017,1
12452,1
12023,1
12624,1
9889,1
14702,1
11793,1
8421,1
11466,1
8448,1
15378,1
9308,1
15366,1
15400,1
14719,1
15087,1
14295,1
12935,1
12439,1
14381,1
11503,1
15329,1
12129,1
14762,1
11694,1
10315,1
12958,1
7857,1
11888,1
9811,1
11415,1
10825,1
10758,1
14232,1
8373,1
14697,1
8536,1
8984,1
13170,1
9351,1
11854,1
11535,1
12195,1
10493,1
12236,1
8585,1
14052,1
15313,1
11850,0
9035,0
12845,0
10274,0
9451,0
13989,0
9945,0
10312,0
7839,0
13507,0
9551,0
9273,0
10700,0
15155,0
11705,0
9440,0
14739,0
14574,0
9212,0
12146,0
10583,0
8184,0
9358,0
14379,0
14263,0
11023,0
8507,0
11130,0
13858,0
14413,0
12491,0
8292,0
8524,0
12616,0
7985,0
10515,0
9482,0
9147,0
11685,0
15278,0
13695,0
11585,0
11844,0
14485,0
10731,0
9577,0
12247,0
10712,0
8501,0
7961,0
7854,0
14389,0
12541,0
10352,0
9009,0
8999,0
14160,0
14580,0
8147,0
15135,0
8575,0
8204,0
8281,0
13624,0
15235,0
8001,0
15365,0
11339,0
12248,0
10676,0
9641,0
11918,0
11596,0
11163,0
13562,0
12555,0
12184,0
7814,0
14098,0
12035,0
9268,0
15248,0
12818,0
7848,0
14494,0
10152,0
13725,0
8223,0
10590,0
9110,0
14154,0
10737,0
12464,0
13220,0
8170,0
9206,0
14002,0
10851,0
14948,0
12449,0
9884,0
12123,0
11399,0
12756,0
13479,0
8748,0
11354,0
11889,0
9543,0
8061,0
8286,0
11496,0
11315,0
12144,0
8783,0
8493,0
8851,0
13805,0
13005,0
13158,0
12303,0
11707,0
12577,0
14535,0
15042,0
11430,0
9165,0
8392,0
14601,0
10783,0
7712,0
13263,0
14409,0
12289,0
8068,0
11160,0
8268,0
10911,0
10864,0
9405,0
9901,0
10580,0
8663,0
8922,0
9433,0
12765,0
12739,0
11554,0
9109,0
8227,0
7881,0
14609,0
9931,0
13623,0
14862,0
13580,0
12986,0
13447,0
11439,0
11954,0
12726,0
12408,0
14563,0
13314,0
11959,0
8705,0
9162,0
11094,0
11258,0
11938,0
10999,0
14560,0
7776,0
9283,0
7918,0
10381,0
11170,0
13273,0
11108,0
9638,0
12718,0
8253,0
9278,0
10884,0
11799,0
14221,0
13428,0
9190,0
11009,0
10190,0
14092,0
8688,0
13406,0
11142,0
9611,0
9527,0
9100,0
8537,0
9222,0
11619,0
10742,0
13790,0
12450,0
7996,0
11271,0
10528,0
11274,0
12883,0
11511,0
15092,0
10997,0
12356,0
13234,0
14811,0
9725,0
12312,0
14398,0
15249,0
13081,0
8503,0
10698,0
15399,0
12190,0
12992,0
13283,0
11601,0
13757,0
8464,0
12372,0
10920,0
10601,0
10888,0
14839,0
10733,0
10236,0
11882,0
8218,0
8657,0
11139,0
12938,0
15130,0
10434,0
9012,0
15297,0
13222,0
11295,0
15033,0
11548,0
9413,0
10305,0
9275,0
13358,0
11342,0
14060,0
10046,0
13669,0
13574,0
14680,0
12743,0
12811,0
14262,0
12237,0
8526,0
8020,0
8356,0
14484,0
12592,0
13943,0
14956,0
11563,0
10094,0
15281,0
15345,0
14605,0
13813,0
11308,0
9076,0
10343,0
13228,0
14896,0
11974,0
14855,0
14908,0
11340,0
14467,0
8832,0
10821,0
10491,0
9874,0
7886,0
10292,0
7708,0
8318,0
13587,0
14138,0
10071,0
8427,0
8902,0
10929,0
12528,0
9680,0
10962,0
13217,0
13181,0
8417,0
13338,0
12598,0
12094,0
14958,0
7932,0
8328,0
12063,0
11400,0
9648,0
10362,0
8019,0
13677,0
12170,0
11512,0
11949,0
10506,0
13110,0
11221,0
12207,0
8115,0
8954,0
7891,0
12167,0
9533,0
9657,0
9727,0
9296,0
14666,0
13021,0
13601,0
7732,0
13771,0
9170,0
12276,0
9380,0
13742,0
9904,0
14186,0
11255,0
15145,0
8385,0
11922,0
9155,0
13139,0
13252,0
8376,0
9503,0
8655,0
8759,0
10605,0
8396,0
13112,0
13489,0
12918,0
8071,0
14430,0
10076,0
14837,0
12926,0
15261,0
14169,0
7726,0
12141,0
15372,0
9361,0
11173,0
12055,0
8236,0
14063,0
13162,0
13391,0
7926,0
10334,0
11102,0
10807,0
15257,0
14380,0
14439,0
14816,0
8634,0
11672,0
14871,0
11300,0
11986,0
11837,0
13826,0
12543,0
12740,0
14234,0
9930,0
15150,0
8629,0
11310,0
13599,0
13169,0
8426,0
11450,0
9050,0
14561,0
13439,0
10020,0
11110,0
14017,0
9809,0
9640,0
14660,0
14233,0
11459,0
8957,0
8085,0
14194,0
13452,0
9812,0
11426,0
7954,0
12206,0
8468,0
12489,0
12122,0
9677,0
8066,0
11526,0
14892,0
11851,0
10778,0
14579,0
9180,0
13486,0
11711,0
13445,0
12660,0
10286,0
8381,0
8089,0
12738,0
12536,0
13031,0
14882,0
8834,0
8941,0
7919,0
13607,0
12012,0
8595,0
10762,0
13335,0
12623,0
7956,0
8252,0
9471,0
12271,0
12517,0
15227,0
14048,0
9286,0
10324,0
12185,0
11228,0
12753,0
12268,0
15200,0
10048,0
8025,0
9771,0
10680,0
9090,0
8452,0
7766,0
13687,0
7768,0
8695,0
13854,0
13761,0
15330,0
9496,0
13956,0
7975,0
14709,0
15290,0
12498,0
12431,0
13461,0
14732,0
7925,0
9320,0
13619,0
12454,0
11375,0
8831,0
9470,0
14608,0
12704,0
15058,0
11728,0
9087,0
9153,0
11167,0
8018,0
9797,0
9304,0
13690,0
8603,0
7705,0
8063,0
14410,0
12825,0
9924,0
14022,0
14652,0
10545,0
9548,0
9891,0
9046,0
12193,0
8599,0
9755,0
14087,0
9558,0
7970,0
13675,0
14184,0
12827,0
8299,0
8710,0
11413,0
8822,0
12208,0
14283,0
8000,0
9780,0
11406,0
12239,0
14265,0
14895,0
10268,0
8952,0
13958,0
8479,0
11783,0
11808,0
11572,0
11902,0
8880,0
10288,0
14623,0
14453,0
13997,0
9862,0
8414,0
13965,0
11785,0
14818,0
8776,0
11386,0
12280,0
15224,0
15149,0
14007,0
10456,0
15340,0
9250,0
12763,0
13719,0
8973,0
10632,0
11556,0
12978,0
8186,0
10183,0
13230,0
14125,0
10462,0
13833,0
14841,0
15109,0
8369,0
14229,0
14888,0
13839,0
13751,0
10996,0
14850,0
11122,0
9721,0
7864,0
11047,0
9902,0
14779,0
10328,0
14316,0
13049,0
9199,0
10780,0
10497,0
12378,0
15264,0
9979,0
14220,0
9486,0
10369,0
14984,0
12328,0
12966,0
12322,0
12031,0
15131,0
12445,0
15178,0
8349,0
9379,0
9752,0
14983,0
13868,0
11829,0
9185,0
11236,0
7802,0
8495,0
14455,0
14714,0
8023,0
10641,0
9021,0
12399,0
13635,0
10066,0
12460,0
13556,0
11609,0
12849,0
9077,0
11972,0
15162,0
10081,0
10682,0
13980,0
9128,0
12571,0
12191,0
11244,0
8374,0
11611,0
14078,0
10543,0
8338,0
7879,0
8761,0
14988,0
14829,0
14613,0
14621,0
10110,0
10578,0
10332,0
7941,0
9360,0
13794,0
14960,0
15293,0
12262,0
12205,0
14112,0
8778,0
13326,0
13954,0
8747,0
8220,0
13351,0
14152,0
7906,0
13103,0
10383,0
9937,0
11251,0
7725,0
14514,0
7828,0
11943,0
12114,0
10856,0
11984,0
10150,0
7790,0
10102,0
9217,0
14301,0
11443,0
12432,0
8467,0
13145,0
11124,0
9731,0
14906,0
14721,0
8446,0
10235,0
10466,0
11921,0
15103,0
10921,0
13941,0
13698,0
15237,0
13671,0
15137,0
8717,0
8370,0
15242,0
12790,0
13046,0
11027,0
12568,0
11778,0
13290,0
10959,0
8053,0
10202,0
10002,0
8180,0
12808,0
10665,0
12725,0
11080,0
9313,0
10376,0
12833,0
7899,0
9001,0
11106,0
14731,0
10998,0
7907,0
14935,0
11063,0
13892,0
11214,0
9314,0
12240,0
14598,0
13606,0
12059,0
9665,0
9947,0
9311,0
15312,0
8780,0
10439,0
7927,0
10231,0
9251,0
8038,0
9394,0
12381,0
13877,0
13752,0
8720,0
15174,0
12475,0
13536,0
8102,0
10570,0
15157,0
13799,0
11240,0
13366,0
13278,0
10715,0
9298,0
13132,0
8818,0
9799,0
9623,0
9347,0
12435,0
12773,0
11589,0
12698,0
10634,0
14961,0
9627,0
12552,0
13875,0
14168,0
12605,0
10919,0
13618,0
8196,0
8164,0
9813,0
10956,0
10640,0
11210,0
11797,0
13785,0
8911,0
11582,0
10554,0
8830,0
12792,0
12874,0
8262,0
10349,0
9806,0
13488,0
14373,0
14712,0
13105,0
9374,0
13837,0
12501,0
9910,0
12481,0
10241,0
14985,0
14588,0
12104,0
12210,0
14208,0
11412,0
15081,0
13448,0
12785,0
12370,0
14661,0
14020,0
13464,0
13116,0
12132,0
13193,0
13682,0
11370,0
10253,0
11089,0
14215,0
15280,0
8723,0
12604,0
9614,0
11816,0
13047,0
15211,0
8931,0
10586,0
8199,0
11424,0
12463,0
13659,0
13984,0
10125,0
11693,0
11706,0
8138,0
12124,0
15158,0
8399,0
14966,0
11696,0
12602,0
9039,0
10062,0
8365,0
9023,0
9259,0
9796,0
8029,0
10970,0
14128,0
10977,0
11604,0
13306,0
12152,0
9929,0
9967,0
13345,0
13141,0
8545,0
10230,0
8329,0
9191,0
12105,0
10574,0
12084,0
10012,0
15251,0
11366,0
13331,0
7701,0
14764,0
13167,0
9236,0
12029,0
14894,0
7986,0
14911,0
11744,0
13299,0
8711,0
10322,0
13355,0
11402,0
14044,0
10662,0
8628,0
10948,0
9690,0
15090,0
9460,0
12056,0
10365,0
10779,0
15119,0
15006,0
8420,0
9195,0
8490,0
9928,0
8111,0
8435,0
11035,0
14749,0
13662,0
11165,0
9637,0
15028,0
13484,0
7883,0
8782,0
9237,0
9419,0
11975,0
13531,0
11105,0
9920,0
8332,0
10937,0
11878,0
9230,0
10260,0
13664,0
8500,0
15379,0
7867,0
12220,0
13585,0
15333,0
9115,0
13113,0
11127,0
15267,0
15391,0
12736,0
8301,0
13376,0
15289,0
10135,0
10550,0
9234,0
12989,0
13433,0
8833,0
8926,0
8408,0
7846,0
9370,0
9740,0
12173,0
10197,0
10041,0
9043,0
9644,0
7819,0
9578,0
8531,0
8907,0
10701,0
14082,0
14130,0
9211,0
14520,0
12639,0
12350,0
8079,0
14765,0
9663,0
15026,0
13467,0
7818,0
11157,0
8499,0
9646,0
10088,0
11377,0
9385,0
15375,0
12714,0
9669,0
10674,0
10219,0
12436,0
9684,0
8803,0
7805,0
9985,0
10204,0
13648,0
11875,0
13212,0
11461,0
14516,0
15283,0
12246,0
15088,0
15072,0
8615,0
14987,0
9724,0
13749,0
9681,0
9435,0
13454,0
12565,0
11288,0
9442,0
13098,0
14900,0
10828,0
12532,0
12570,0
8540,0
13227,0
7793,0
10162,0
7884,0
13894,0
14451,0
13840,0
10477,0
9456,0
12277,0
14084,0
10501,0
12130,0
14541,0
8963,0
11989,0
11407,0
7951,0
14296,0
9915,0
12466,0
14251,0
9005,0
13490,0
9982,0
7704,0
14069,0
11906,0
10137,0
10316,0
14059,0
12961,0
9215,0
10678,0
14696,0
13274,0
10612,0
8110,0
10941,0
11311,0
11133,0
13209,0
15098,0
14047,0
9119,0
13451,0
13497,0
9739,0
13931,0
9389,0
11812,0
10279,0
11153,0
11550,0
15005,0
9546,0
8533,0
8632,0
11674,0
13651,0
12174,0
11024,0
10415,0
10883,0
12204,0
14471,0
12540,0
11131,0
9303,0
10745,0
12116,0
11081,0
15146,0
13307,0
9272,0
12879,0
8241,0
14801,0
12777,0
9330,0
13706,0
12642,0
11395,0
11771,0
14989,0
12235,0
12912,0
12933,0
9560,0
11539,0
14522,0
10995,0
8718,0
9868,0
13708,0
14909,0
14688,0
10014,0
9525,0
11416,0
14065,0
11542,0
12896,0
8380,0
14916,0
7923,0
13717,0
11437,0
10915,0
7772,0
14671,0
10558,0
10495,0
13551,0
15048,0
15362,0
12442,0
9307,0
10581,0
13415,0
9359,0
9760,0
8682,0
15204,0
11194,0
9879,0
12686,0
12757,0
8137,0
13753,0
15294,0
14204,0
10916,0
8400,0
12337,0
9835,0
10638,0
13310,0
10629,0
15010,0
9463,0
14045,0
8614,0
9426,0
12977,0
13315,0
10686,0
8534,0
12181,0
7764,0
10392,0
14754,0
15317,0
15386,0
12617,0
8729,0
12666,0
8765,0
10443,0
13653,0
15232,0
14569,0
14946,0
14806,0
13640,0
11820,0
9403,0
7748,0
11995,0
13216,0
15089,0
8256,0
14986,0
9821,0
10848,0
9971,0
15306,0
13469,0
11270,0
8754,0
13368,0
8681,0
7847,0
9406,0
11043,0
14197,0
12292,0
14738,0
9925,0
8944,0
9141,0
14607,0
9759,0
13395,0
12613,0
7887,0
13838,0
15384,0
9746,0
10902,0
13597,0
13208,0
15169,0
11646,0
9189,0
12108,0
9410,0
9480,0
11917,0
7917,0
9080,0
15184,0
8847,0
10077,0
9552,0
10683,0
12000,0
11666,0
13020,0
15101,0
9984,0
11555,0
8890,0
12712,0
12795,0
13064,0
11551,0
11950,0
14877,0
12783,0
10765,0
8917,0
10696,0
9988,0
15323,0
10839,0
15253,0
12310,0
13834,0
13076,0
14952,0
8662,0
12590,0
9990,0
12525,0
8855,0
10433,0
13897,0
12922,0
14422,0
11628,0
14477,0
12051,0
11113,0
11913,0
14083,0
11093,0
12355,0
8424,0
13117,0
12245,0
14377,0
9775,0
12548,0
14032,0
15265,0
8136,0
10663,0
14707,0
11177,0
10211,0
9767,0
15393,0
12673,0
14224,0
11599,0
8213,0
14728,0
12907,0
8854,0
14940,0
11518,0
15226,0
13300,0
8327,0
14254,0
10516,0
13360,0
14351,0
10262,0
7863,0
12670,0
8409,0
8539,0
7832,0
8198,0
14715,0
13481,0
9625,0
11956,0
11719,0
7740,0
13087,0
13620,0
12385,0
10882,0
14374,0
8839,0
13365,0
8736,0
8366,0
10261,0
13154,0
12072,0
11627,0
8664,0
9601,0
9402,0
14039,0
11333,0
7897,0
10104,0
12556,0
8003,0
12077,0
8802,0
13129,0
15256,0
15208,0
14360,0
14742,0
10147,0
10128,0
8146,0
13643,0
15023,0
14289,0
11285,0
13392,0
12103,0
15236,0
9607,0
13007,0
10308,0
12837,0
9148,0
12674,0
11623,0
10813,0
13903,0
13515,0
9175,0
13683,0
14443,0
13832,0
10983,0
13524,0
9271,0
8441,0
7911,0
10113,0
10210,0
13399,0
13463,0
8254,0
12203,0
8034,0
8871,0
9844,0
8876,0
10751,0
15186,0
9051,0
14175,0
13925,0
12376,0
8627,0
11650,0
10203,0
8650,0
14934,0
8289,0
8636,0
9737,0
9944,0
13681,0
9966,0
13233,0
9146,0
12957,0
11249,0
9179,0
11293,0
14416,0
12931,0
14553,0
8716,0
14440,0
9615,0
8933,0
14809,0
11538,0
13932,0
11991,0
14156,0
12503,0
10725,0
14766,0
8727,0
10403,0
11750,0
8889,0
8938,0
8064,0
14737,0
8554,0
10802,0
11266,0
9348,0
9919,0
13460,0
12169,0
8977,0
14627,0
15275,0
11710,0
10730,0
9145,0
10892,0
13594,0
13787,0
15398,0
15187,0
11886,0
8829,0
10161,0
9758,0
10103,0
8166,0
9875,0
11376,0
9267,0
15299,0
12729,0
11250,0
9107,0
11032,0
12479,0
10811,0
13456,0
9597,0
9457,0
14844,0
10481,0
9655,0
14846,0
11489,0
12998,0
8956,0
8806,0
9317,0
13195,0
14126,0
14143,0
9854,0
13319,0
9497,0
8477,0
14864,0
13062,0
12678,0
11605,0
8276,0
12300,0
10942,0
11223,0
10440,0
13888,0
9962,0
12258,0
14118,0
10976,0
14366,0
11436,0
9709,0
12414,0
14990,0
14383,0
10924,0
8221,0
8660,0
11531,0
10755,0
8465,0
10085,0
12343,0
8100,0
11798,0
7815,0
12081,0
13450,0
10232,0
13374,0
12392,0
12387,0
10898,0
10379,0
12858,0
9659,0
14268,0
8337,0
13430,0
14792,0
9622,0
12586,0
7981,0
14540,0
10165,0
13874,0
11417,0
8367,0
11716,0
11305,0
10345,0
12115,0
14282,0
13955,0
13733,0
8418,0
14287,0
11849,0
13526,0
10918,0
9306,0
10982,0
14625,0
15013,0
12097,0
11591,0
14188,0
14879,0
11331,0
15383,0
10754,0
14012,0
13381,0
8197,0
15382,0
14618,0
14726,0
9764,0
8498,0
10342,0
9977,0
9203,0
11822,0
9352,0
10388,0
15310,0
11268,0
13254,0
9747,0
10442,0
13487,0
7969,0
13759,0
9794,0
13161,0
8316,0
11449,0
8364,0
11790,0
8631,0
11754,0
9453,0
11230,0
13810,0
14034,0
13336,0
11003,0
10905,0
10697,0
15215,0
13246,0
11702,0
12397,0
11234,0
13982,0
10685,0
9078,0
8609,0
7905,0
7719,0
9679,0
14747,0
8149,0
8714,0
9733,0
15063,0
14982,0
14056,0
8051,0
14885,0
9808,0
10648,0
12412,0
10487,0
15305,0
12341,0
9699,0
10067,0
10289,0
8139,0
14530,0
8073,0
13425,0
14028,0
8883,0
10973,0
10746,0
9750,0
15199,0
14067,0
14043,0
15185,0
9688,0
7737,0
15173,0
12710,0
12940,0
8739,0
10018,0
12043,0
9555,0
14328,0
14705,0
9429,0
9444,0
9510,0
8313,0
11867,0
12332,0
9513,0
11709,0
9998,0
14528,0
10437,0
9033,0
14886,0
12799,0
14226,0
11982,0
9643,0
13945,0
14972,0
13743,0
14793,0
7780,0
10475,0
9749,0
10217,0
9104,0
11909,0
13343,0
13363,0
8947,0
10951,0
9257,0
9350,0
9839,0
8672,0
9689,0
12128,0
8143,0
8443,0
10446,0
14446,0
10331,0
11607,0
10774,0
10319,0
9711,0
12664,0
14968,0
10220,0
11827,0
11560,0
10694,0
9574,0
9354,0
12919,0
14800,0
14567,0
14095,0
11286,0
10061,0
12889,0
13828,0
8310,0
14854,0
11934,0
12679,0
8587,0
9125,0
9139,0
7896,0
11594,0
13632,0
11687,0
14076,0
13349,0
13528,0
9260,0
13024,0
15082,0
9807,0
14478,0
11368,0
14070,0
11345,0
9595,0
14292,0
13082,0
9316,0
9376,0
13916,0
9716,0
8982,0
10724,0
10944,0
14814,0
12405,0
14920,0
8809,0
12229,0
9549,0
8968,0
9722,0
13666,0
11608,0
14348,0
13183,0
8508,0
14346,0
13779,0
10771,0
14595,0
12635,0
12069,0
13019,0
8667,0
15217,0
7731,0
8918,0
14612,0
14578,0
12583,0
13187,0
8117,0
14667,0
9524,0
7900,0
15152,0
11109,0
14336,0
13496,0
13400,0
14281,0
9612,0
9408,0
12962,0
11639,0
10801,0
10544,0
8398,0
14109,0
8900,0
11517,0
10990,0
12339,0
13457,0
15036,0
10215,0
10015,0
14036,0
9822,0
11782,0
12265,0
11527,0
12876,0
12580,0
8542,0
13612,0
9474,0
7984,0
10091,0
11029,0
9256,0
8895,0
8527,0
11602,0
13881,0
12361,0
12932,0
14404,0
15154,0
9026,0
14669,0
14523,0
7702,0
11731,0
15285,0
10357,0
13811,0
13156,0
12508,0
14549,0
13268,0
14068,0
14225,0
13215,0
11923,0
9221,0
11680,0
14795,0
10993,0
14897,0
9852,0
11451,0
11570,0
8463,0
13991,0
9164,0
8440,0
14610,0
14401,0
13927,0
12163,0
12537,0
12048,0
8593,0
13783,0
9890,0
7706,0
11537,0
13774,0
9262,0
11746,0
13723,0
12478,0
11665,0
9534,0
10114,0
12971,0
8817,0
10738,0
12709,0
7998,0
12506,0
12630,0
13009,0
13058,0
14679,0
13401,0
8453,0
10474,0
11610,0
12625,0
11890,0
7834,0
12336,0
11013,0
13644,0
15086,0
8330,0
13475,0
9478,0
15147,0
10723,0
7843,0
11530,0
7875,0
12159,0
8670,0
10026,0
8326,0
8859,0
10870,0
13992,0
14649,0
12804,0
10479,0
14586,0
13008,0
14591,0
8343,0
10949,0
8904,0
12696,0
14355,0
12661,0
11664,0
11148,0
8158,0
14399,0
9368,0
9356,0
13142,0
14869,0
14190,0
9461,0
13756,0
10850,0
8260,0
8731,0
11510,0
8556,0
13721,0
14964,0
10409,0
13140,0
12421,0
10224,0
15371,0
11410,0
12347,0
9181,0
8182,0
11161,0
8998,0
10575,0
8331,0
8224,0
9274,0
10773,0
12663,0
8930,0
13077,0
14013,0
13890,0
10852,0
9134,0
14062,0
10154,0
11840,0
8774,0
8546,0
14432,0
15074,0
8325,0
11423,0
8697,0
9346,0
15153,0
10772,0
11587,0
12970,0
10093,0
11532,0
11434,0
11432,0
14349,0
13985,0
7729,0
9432,0
15308,0
13419,0
14483,0
12649,0
12225,0
12819,0
13045,0
15342,0
8192,0
9493,0
12557,0
8342,0
8516,0
11758,0
11158,0
11925,0
8866,0
7717,0
10865,0
11051,0
10180,0
14132,0
13668,0
12672,0
13809,0
9656,0
13155,0
11164,0
9927,0
10293,0
9950,0
14286,0
15300,0
7707,0
9516,0
9738,0
12524,0
8905,0
14746,0
12551,0
15222,0
10092,0
10408,0
14552,0
12956,0
7868,0
9112,0
11933,0
13505,0
13652,0
12015,0
9561,0
12054,0
7859,0
14655,0
7762,0
13976,0
12099,0
13179,0
13545,0
14556,0
14103,0
11341,0
14314,0
10380,0
11465,0
15309,0
10448,0
9475,0
14781,0
10271,0
10363,0
11321,0
11773,0
14298,0
8725,0
9364,0
8265,0
9177,0
14211,0
14274,0
14592,0
12047,0
10302,0
14790,0
11357,0
12168,0
8799,0
14209,0
15171,0
9586,0
13072,0
12848,0
8156,0
10193,0
8514,0
10325,0
9855,0
8618,0
11928,0
9070,0
11046,0
9312,0
11504,0
11546,0
12062,0
9254,0
13480,0
13190,0
10138,0
8320,0
12022,0
12903,0
14354,0
12011,0
12898,0
15354,0
9094,0
9605,0
13384,0
8306,0
12040,0
15159,0
9804,0
10424,0
14189,0
10814,0
8992,0
15061,0
15296,0
7885,0
10708,0
11805,0
8865,0
11779,0
11186,0
11708,0
13502,0
15228,0
14182,0
12881,0
13816,0
8353,0
10068,0
8122,0
14116,0
13330,0
11645,0
11637,0
12813,0
10004,0
8336,0
12042,0
10787,0
8623,0
12606,0
9745,0
11500,0
13686,0
10421,0
9322,0
12324,0
12329,0
11760,0
7861,0
8584,0
14172,0
13225,0
11912,0
15053,0
12953,0
12875,0
11768,0
10718,0
11183,0
15339,0
13592,0
12724,0
9840,0
12209,0
9293,0
13462,0
11237,0
9452,0
11749,0
12395,0
10438,0
12601,0
10483,0
12778,0
11352,0
13471,0
11935,0
9685,0
9393,0
7903,0
12068,0
9263,0
9439,0
10208,0
13905,0
11861,0
8842,0
11545,0
11676,0
11493,0
9907,0
10819,0
7872,0
9387,0
12612,0
14291,0
14180,0
11825,0
10009,0
9847,0
10198,0
10661,0
10953,0
12154,0
8993,0
11926,0
8552,0
8860,0
10878,0
12945,0
11060,0
10245,0
13710,0
9436,0
9207,0
8509,0
12965,0
10729,0
13160,0
14890,0
12964,0
9353,0
11468,0
11373,0
13367,0
8934,0
14049,0
14151,0
13071,0
12342,0
8690,0
13793,0
11657,0
10007,0
7728,0
10344,0
12510,0
10540,0
11881,0
8203,0
8437,0
10119,0
11262,0
11748,0
9255,0
12988,0
8967,0
11629,0
11213,0
12891,0
13237,0
13214,0
8888,0
8096,0
12856,0
14257,0
12600,0
13282,0
14273,0
13577,0
11698,0
10619,0
10613,0
11613,0
8160,0
8867,0
8059,0
12091,0
12274,0
13434,0
12078,0
9277,0
11727,0
9509,0
8469,0
12886,0
11273,0
12805,0
12522,0
13333,0
8028,0
11463,0
8226,0
12534,0
9857,0
12213,0
14526,0
8194,0
14456,0
12107,0
11670,0
12219,0
8167,0
7902,0
8458,0
13114,0
13055,0
12468,0
12025,0
14847,0
12302,0
9545,0
9695,0
13647,0
8515,0
9599,0
12480,0
9038,0
12581,0
11091,0
10675,0
14692,0
10791,0
9629,0
11380,0
12843,0
9842,0
9011,0
9863,0
10963,0
11586,0
9628,0
9381,0
10467,0
10849,0
10971,0
15240,0
14003,0
10318,0
10904,0
11281,0
8983,0
8447,0
13002,0
11528,0
13665,0
9996,0
11317,0
10844,0
12844,0
11644,0
11444,0
12379,0
14030,0
11855,0
9900,0
8119,0
14370,0
12960,0
13102,0
9057,0
10107,0
8899,0
8616,0
13966,0
12294,0
14362,0
9201,0
9894,0
11697,0
12904,0
9814,0
8322,0
7824,0
13642,0
11154,0
11076,0
13175,0
8819,0
8431,0
10470,0
13348,0
9734,0
12690,0
13622,0
7827,0
14075,0
14127,0
14400,0
10498,0
10643,0
11677,0
10386,0
12999,0
8990,0
9713,0
13672,0
14319,0
11724,0
14219,0
10097,0
11014,0
10688,0
13561,0
13744,0
14312,0
12021,0
11065,0
14624,0
15356,0
12360,0
15069,0
13865,0
13292,0
13884,0
13824,0
13822,0
13251,0
13284,0
13886,0
13889,0
13821,0
9860,0
13285,0
13820,0
13863,0
9861,0
13818,0
13861,0
13286,0
13862,0
13864,0
8375,0
13255,0
8372,0
8371,0
8368,0
13256,0
13831,0
8588,0
13849,0
13848,0
13231,0
13226,0
8345,0
13873,0
8597,0
13846,0
13245,0
13224,0
8613,0
13267,0
13247,0
13845,0
13847,0
8596,0
8594,0
13825,0
8592,0
13860,0
13859,0
13857,0
13856,0
8589,0
13855,0
13853,0
8591,0
13852,0
13851,0
13850,0
13830,0
8590,0
13829,0
13814,0
13872,0
13871,0
13296,0
13870,0
13815,0
8360,0
13218,0
8348,0
13223,0
13869,0
13295,0
13293,0
8361,0
13867,0
8362,0
13253,0
13221,0
8351,0
13866,0
13842,0
13841,0
8352,0
13266,0
8355,0
8357,0
13836,0
8359,0
13265,0
13835,0
13879,0
13298,0
13297,0
13878,0
13876,0
13213,0
13166,0
14010,0
13168,0
14008,0
8311,0
13171,0
13172,0
14042,0
8308,0
8305,0
13173,0
13174,0
13823,0
8302,0
8300,0
8298,0
8297,0
8296,0
14005,0
14029,0
13176,0
14027,0
8294,0
13177,0
8293,0
8303,0
13972,0
13971,0
13970,0
13964,0
8604,0
8606,0
13963,0
13962,0
13961,0
14004,0
14001,0
14000,0
14011,0
8607,0
14025,0
13996,0
13995,0
13994,0
13993,0
8624,0
8626,0
13990,0
13165,0
13988,0
13987,0
13986,0
14026,0
8645,0
14061,0
14058,0
14057,0
8647,0
13144,0
8275,0
8274,0
13149,0
8273,0
13150,0
13151,0
13199,0
8271,0
8269,0
8285,0
8284,0
8283,0
8282,0
13152,0
8280,0
14086,0
14085,0
14081,0
8621,0
14080,0
8272,0
8290,0
13200,0
13201,0
13206,0
14024,0
14023,0
14021,0
14019,0
14018,0
14016,0
14015,0
14014,0
14031,0
14055,0
14054,0
14053,0
14050,0
14046,0
13185,0
14077,0
8642,0
8644,0
14041,0
14040,0
14038,0
14035,0
13184,0
13912,0
13911,0
13910,0
13194,0
13909,0
13908,0
13907,0
13196,0
13906,0
13904,0
13902,0
13197,0
8602,0
13901,0
13900,0
13899,0
13898,0
13933,0
13896,0
8324,0
13930,0
13929,0
13928,0
13232,0
13924,0
13235,0
13198,0
13258,0
13883,0
13880,0
13260,0
13261,0
8341,0
8340,0
13913,0
13262,0
13264,0
8335,0
8333,0
9837,0
13891,0
8611,0
10242,0
8612,0
10238,0
10237,0
8608,0
9845,0
9843,0
8630,0
9841,0
13192,0
9838,0
13895,0
13188,0
13937,0
13935,0
13934,0
13960,0
13189,0
13999,0
13998,0
8323,0
8321,0
8319,0
8317,0
13922,0
8314,0
13191,0
8312,0
13959,0
13957,0
13983,0
13981,0
8617,0
8309,0
8619,0
8600,0
13975,0
13973,0
8315,0
13920,0
13919,0
13918,0
13236,0
13917,0
13240,0
13241,0
13244,0
13915,0
13953,0
13952,0
13979,0
13938,0
13210,0
13951,0
13950,0
13949,0
13948,0
13947,0
13211,0
13944,0
13942,0
13207,0
13940,0
13186,0
13939,0
13978,0
8480,0
8478,0
8476,0
8474,0
8473,0
13385,0
8472,0
13543,0
13542,0
13541,0
13564,0
13386,0
13565,0
14104,0
13357,0
13359,0
13388,0
13591,0
13590,0
13389,0
13390,0
13589,0
13557,0
13555,0
13554,0
13393,0
13553,0
13552,0
13593,0
13500,0
13499,0
13498,0
13540,0
13539,0
13377,0
13378,0
13379,0
13380,0
13538,0
13563,0
13560,0
13559,0
8481,0
13532,0
13382,0
13527,0
13525,0
13523,0
13522,0
13521,0
13520,0
8487,0
8486,0
8484,0
13383,0
8461,0
8460,0
13533,0
8450,0
8562,0
8565,0
8445,0
13588,0
13584,0
13583,0
13582,0
8566,0
13581,0
13578,0
13576,0
8471,0
13549,0
13616,0
13641,0
13639,0
13638,0
13637,0
13373,0
13636,0
13608,0
13605,0
13604,0
13603,0
13602,0
13600,0
13598,0
13617,0
13548,0
13547,0
13394,0
13544,0
8470,0
13361,0
13615,0
13614,0
13613,0
13362,0
13364,0
13611,0
8541,0
8550,0
8457,0
8456,0
13575,0
13573,0
13572,0
13571,0
13569,0
13568,0
13567,0
13595,0
8454,0
8547,0
8549,0
8451,0
13609,0
13410,0
13432,0
13412,0
13413,0
8535,0
13414,0
8532,0
8530,0
8529,0
8528,0
13418,0
8510,0
8505,0
13501,0
13459,0
13396,0
8492,0
8489,0
8488,0
13453,0
13397,0
13449,0
13446,0
13398,0
13442,0
13441,0
10263,0
13473,0
8504,0
9952,0
9951,0
9953,0
9949,0
8525,0
8523,0
9954,0
8522,0
9956,0
8521,0
8520,0
13429,0
13427,0
13435,0
13455,0
10032,0
13404,0
13424,0
13423,0
13422,0
13421,0
13420,0
13405,0
13440,0
13438,0
13407,0
13437,0
13436,0
13387,0
13537,0
13535,0
13492,0
13491,0
13485,0
13483,0
13482,0
8502,0
8494,0
10034,0
13517,0
13516,0
13514,0
13472,0
13478,0
13476,0
10036,0
10037,0
8483,0
8482,0
13512,0
10039,0
13510,0
13509,0
9946,0
13504,0
13503,0
9948,0
13513,0
13470,0
13468,0
13466,0
13465,0
8519,0
13402,0
13495,0
13403,0
13494,0
13493,0
8513,0
8512,0
8511,0
9832,0
13474,0
9846,0
10306,0
10303,0
13370,0
10301,0
10300,0
10297,0
10296,0
10295,0
10033,0
10291,0
10290,0
9834,0
13369,0
13280,0
8394,0
8393,0
13309,0
13748,0
13312,0
13747,0
10017,0
13313,0
13316,0
10013,0
13317,0
13741,0
13375,0
13773,0
13320,0
13772,0
13770,0
13769,0
13768,0
13767,0
13322,0
13765,0
13763,0
13760,0
13777,0
13323,0
13301,0
13318,0
13709,0
13707,0
8555,0
13705,0
13740,0
8558,0
13739,0
13738,0
13736,0
13735,0
13734,0
8559,0
13732,0
8395,0
13730,0
13729,0
10264,0
13758,0
10266,0
13727,0
13726,0
13277,0
13724,0
8405,0
8403,0
8402,0
13279,0
8397,0
13731,0
8378,0
8377,0
8578,0
13782,0
13781,0
13780,0
8579,0
13812,0
8580,0
8582,0
13808,0
13807,0
13806,0
13776,0
13803,0
13801,0
13272,0
13275,0
13796,0
13248,0
13795,0
13249,0
13792,0
13250,0
13791,0
13789,0
13788,0
13786,0
8583,0
13775,0
13754,0
8407,0
10031,0
13302,0
10030,0
10029,0
10028,0
10027,0
8568,0
13270,0
10023,0
10022,0
8577,0
10019,0
8571,0
8391,0
8389,0
8388,0
10010,0
8572,0
8386,0
8384,0
8573,0
8383,0
8382,0
8576,0
8379,0
10021,0
13658,0
13325,0
13634,0
13633,0
13630,0
13628,0
13327,0
10267,0
8438,0
8436,0
10311,0
8433,0
8432,0
13745,0
9818,0
8413,0
9819,0
8412,0
8410,0
13685,0
9820,0
13684,0
13654,0
9823,0
9824,0
9825,0
13649,0
10244,0
8415,0
13596,0
13627,0
13626,0
13625,0
8455,0
13308,0
8567,0
13340,0
13342,0
8430,0
8429,0
8428,0
8425,0
13660,0
13655,0
8444,0
13347,0
8442,0
13350,0
13353,0
13621,0
13646,0
13354,0
13670,0
13356,0
13324,0
13663,0
13661,0
13344,0
10275,0
10273,0
10270,0
10269,0
10246,0
13305,0
8569,0
8570,0
13728,0
13689,0
13688,0
8423,0
13328,0
10243,0
8422,0
8419,0
8416,0
13722,0
13332,0
13720,0
13334,0
13718,0
13716,0
13715,0
13714,0
13713,0
13711,0
13746,0
13329,0
13676,0
9826,0
13674,0
9827,0
9828,0
13673,0
10283,0
13704,0
13703,0
13702,0
13701,0
13700,0
13699,0
10276,0
13694,0
13691,0
13657,0
8439,0
13680,0
13679,0
8561,0
13678,0
10259,0
10282,0
13304,0
10281,0
10280,0
10277,0
13697,0
9871,0
9872,0
9888,0
9892,0
9893,0
7921,0
7924,0
8620,0
14915,0
14917,0
14943,0
14944,0
14945,0
14947,0
14950,0
14951,0
14913,0
14921,0
14967,0
7898,0
7904,0
7908,0
7909,0
7910,0
9869,0
14939,0
14941,0
14973,0
10148,0
10181,0
9864,0
9865,0
9866,0
14938,0
14936,0
14937,0
14905,0
14907,0
14912,0
14873,0
14874,0
14953,0
14878,0
14881,0
14918,0
14919,0
7912,0
7913,0
7914,0
7915,0
14876,0
14954,0
14955,0
14957,0
7920,0
10145,0
10146,0
7940,0
14931,0
7943,0
14889,0
14923,0
14924,0
14925,0
14926,0
14927,0
14929,0
7942,0
15050,0
15051,0
7874,0
7876,0
7878,0
15016,0
15017,0
9976,0
14995,0
14997,0
15000,0
15001,0
15002,0
15003,0
9972,0
9974,0
15018,0
15025,0
15027,0
15029,0
7855,0
7856,0
7858,0
15034,0
7873,0
15037,0
15038,0
15039,0
15040,0
15014,0
15015,0
7869,0
7870,0
15035,0
7894,0
7895,0
14992,0
14994,0
14975,0
14976,0
14977,0
15031,0
14979,0
14980,0
14981,0
7882,0
14959,0
14962,0
14963,0
9975,0
14978,0
15032,0
15004,0
15007,0
15008,0
15009,0
15011,0
15012,0
9978,0
7892,0
9981,0
9986,0
9987,0
9991,0
9992,0
14969,0
7888,0
7889,0
9980,0
7965,0
7966,0
14789,0
14761,0
14767,0
14768,0
14769,0
7916,0
14771,0
14773,0
14774,0
14775,0
14808,0
14810,0
14812,0
14813,0
14770,0
14832,0
14833,0
14834,0
14835,0
14836,0
14838,0
7983,0
7964,0
7988,0
7989,0
7991,0
14778,0
14780,0
14782,0
7962,0
7963,0
7987,0
14760,0
14729,0
14730,0
14733,0
14734,0
14736,0
14740,0
7977,0
7993,0
7994,0
7976,0
10156,0
10158,0
10189,0
10192,0
10199,0
14743,0
7978,0
7979,0
7982,0
8004,0
8005,0
8007,0
14744,0
14745,0
14759,0
14750,0
14752,0
14783,0
14786,0
14724,0
14753,0
14755,0
14757,0
14748,0
7955,0
7958,0
14843,0
14845,0
14848,0
14849,0
14851,0
14807,0
14884,0
7929,0
7930,0
7933,0
7935,0
14861,0
14863,0
7972,0
14883,0
7936,0
7937,0
7938,0
7939,0
14865,0
14866,0
14867,0
7959,0
14870,0
7944,0
14891,0
14898,0
14901,0
14902,0
14903,0
14904,0
14868,0
14821,0
14822,0
14823,0
7960,0
14852,0
14853,0
14856,0
7974,0
14859,0
7967,0
7971,0
14796,0
14797,0
14798,0
14799,0
14805,0
14857,0
14824,0
14826,0
14827,0
14828,0
14830,0
14831,0
7945,0
7946,0
14820,0
7948,0
7949,0
7952,0
14840,0
14842,0
14815,0
14817,0
14819,0
7947,0
7757,0
7758,0
7759,0
7760,0
7761,0
7763,0
7765,0
15022,0
7781,0
7782,0
15225,0
15229,0
15230,0
15231,0
15233,0
15266,0
7767,0
15258,0
15259,0
15260,0
15262,0
15298,0
15301,0
15302,0
7756,0
15307,0
15286,0
15279,0
15252,0
15254,0
7769,0
7770,0
7771,0
15303,0
7779,0
7797,0
7798,0
15197,0
15198,0
15201,0
15203,0
15268,0
15206,0
15207,0
15234,0
15238,0
15243,0
15244,0
15246,0
15210,0
15205,0
15269,0
15270,0
15272,0
15273,0
15274,0
15277,0
15247,0
15216,0
7778,0
15220,0
15221,0
15223,0
7784,0
7773,0
7774,0
7775,0
7777,0
15218,0
15380,0
15381,0
7709,0
7710,0
7711,0
15395,0
7751,0
15288,0
9880,0
9881,0
9885,0
9886,0
9887,0
7730,0
7733,0
7734,0
10151,0
15337,0
15338,0
15341,0
15344,0
15346,0
15347,0
15348,0
15377,0
15351,0
15353,0
15355,0
15336,0
7713,0
9965,0
7727,0
15388,0
15349,0
9970,0
15287,0
7752,0
7755,0
15314,0
15315,0
15316,0
7735,0
15320,0
15321,0
15322,0
15326,0
15327,0
15328,0
15331,0
15332,0
15319,0
15369,0
7749,0
7750,0
15311,0
15291,0
15295,0
15335,0
7736,0
9969,0
7739,0
7742,0
7743,0
7744,0
7745,0
7746,0
7747,0
9968,0
7738,0
15100,0
15102,0
7816,0
7820,0
7823,0
7826,0
15108,0
15212,0
15111,0
7833,0
7836,0
15071,0
15073,0
15075,0
7841,0
7842,0
15110,0
7838,0
7840,0
15139,0
15140,0
15141,0
15142,0
15143,0
15097,0
15112,0
15113,0
15114,0
15115,0
15118,0
15121,0
15122,0
15096,0
15144,0
15043,0
15044,0
15046,0
15047,0
15049,0
15077,0
15078,0
7844,0
15052,0
15054,0
15055,0
15057,0
15059,0
15060,0
15019,0
15021,0
15080,0
7845,0
15084,0
15085,0
15091,0
15093,0
7849,0
7850,0
7851,0
15041,0
15104,0
15106,0
15107,0
7860,0
7862,0
15064,0
15067,0
15068,0
7853,0
15193,0
15194,0
15195,0
15196,0
7813,0
15160,0
15161,0
7837,0
15165,0
15166,0
15168,0
15209,0
15373,0
15374,0
10159,0
10160,0
15163,0
15213,0
15214,0
15179,0
15180,0
15181,0
15182,0
15188,0
15192,0
7788,0
7789,0
7794,0
7795,0
7796,0
7801,0
15189,0
15190,0
7787,0
15125,0
15126,0
15127,0
7803,0
7804,0
7806,0
7807,0
10163,0
7810,0
7829,0
7830,0
7831,0
15128,0
15129,0
15132,0
15133,0
7808,0
10166,0
10169,0
9909,0
9911,0
10142,0
10143,0
15156,0
7800,0
15370,0
15136,0
15138,0
15170,0
15172,0
15175,0
15176,0
15177,0
15148,0
15134,0
14334,0
14335,0
14337,0
14303,0
9878,0
10184,0
8201,0
10200,0
14309,0
14310,0
14313,0
14315,0
14317,0
14318,0
14320,0
14321,0
8202,0
10225,0
10233,0
10234,0
10205,0
10206,0
10207,0
14304,0
14333,0
14306,0
14284,0
14285,0
14327,0
14329,0
14330,0
14331,0
14332,0
14305,0
14243,0
8205,0
8206,0
8207,0
8208,0
8209,0
8210,0
14280,0
8212,0
8214,0
8215,0
14256,0
8229,0
8230,0
14216,0
14217,0
8211,0
14258,0
14259,0
14260,0
14261,0
14264,0
14288,0
14294,0
14242,0
14299,0
14302,0
14279,0
8200,0
14278,0
14237,0
14238,0
14241,0
14297,0
14367,0
14371,0
14402,0
14403,0
14406,0
14407,0
8155,0
10222,0
8171,0
8172,0
8173,0
8176,0
8178,0
8179,0
14344,0
14345,0
8169,0
8181,0
8183,0
14376,0
14415,0
14418,0
14419,0
14420,0
14365,0
14423,0
14426,0
14388,0
14390,0
14391,0
14392,0
14393,0
14395,0
14421,0
8187,0
8188,0
8189,0
8190,0
8191,0
8195,0
14322,0
14382,0
14324,0
14325,0
14326,0
14352,0
10186,0
10187,0
10218,0
10221,0
14323,0
14385,0
14386,0
14387,0
14357,0
14358,0
14359,0
14361,0
14363,0
8185,0
14340,0
14341,0
14342,0
14343,0
14372,0
14375,0
8168,0
14307,0
14338,0
14166,0
14136,0
14137,0
14139,0
14140,0
14144,0
14145,0
14218,0
14106,0
14107,0
14108,0
14110,0
14111,0
14114,0
14115,0
8250,0
14105,0
8248,0
8249,0
8233,0
8234,0
8235,0
8251,0
8255,0
14165,0
8259,0
14124,0
14129,0
14131,0
14133,0
14134,0
14135,0
14164,0
8258,0
10252,0
10255,0
10256,0
10257,0
10258,0
9856,0
9859,0
8267,0
8266,0
14064,0
14066,0
14096,0
14097,0
14099,0
14101,0
14102,0
8264,0
14117,0
14119,0
14120,0
14121,0
14122,0
8278,0
8279,0
14088,0
10251,0
14090,0
14091,0
14093,0
14094,0
10209,0
10248,0
10249,0
10250,0
14089,0
14248,0
14252,0
14253,0
14255,0
8225,0
8228,0
8244,0
14150,0
8247,0
14185,0
14187,0
14222,0
14223,0
14227,0
14230,0
14196,0
8245,0
14266,0
14267,0
14270,0
14272,0
14275,0
14276,0
14277,0
14247,0
14235,0
14236,0
14202,0
14210,0
14212,0
14244,0
14245,0
14246,0
14231,0
14153,0
14155,0
14157,0
14158,0
14159,0
14162,0
14191,0
14198,0
14167,0
14170,0
14171,0
14173,0
14146,0
14147,0
14148,0
14149,0
14195,0
14199,0
14200,0
14201,0
14174,0
14177,0
14178,0
8232,0
14214,0
8263,0
8217,0
8219,0
8222,0
8237,0
8238,0
8240,0
8242,0
8243,0
8216,0
14636,0
14639,0
14641,0
14642,0
14643,0
14644,0
14603,0
8161,0
14606,0
8057,0
8058,0
8060,0
8062,0
8069,0
14654,0
8070,0
14604,0
14653,0
14681,0
14656,0
14657,0
14658,0
14659,0
14663,0
14635,0
14622,0
14628,0
14629,0
14630,0
14631,0
14632,0
14633,0
8054,0
8040,0
14581,0
14582,0
14583,0
14584,0
14585,0
14589,0
14590,0
14617,0
14594,0
14596,0
14554,0
14557,0
14558,0
14559,0
14562,0
14564,0
14593,0
14619,0
14620,0
14597,0
14599,0
8072,0
8074,0
8076,0
8077,0
14577,0
8080,0
8082,0
8083,0
8084,0
14634,0
8086,0
14600,0
14602,0
8078,0
8016,0
8017,0
8022,0
14713,0
10153,0
14695,0
8024,0
14651,0
8031,0
8032,0
8033,0
14725,0
14727,0
8037,0
8039,0
14698,0
8027,0
10201,0
10171,0
10172,0
10174,0
10175,0
14716,0
14720,0
8015,0
14708,0
14710,0
14711,0
8008,0
7995,0
7999,0
8012,0
8014,0
14723,0
8046,0
8047,0
8048,0
8049,0
8052,0
8035,0
8055,0
14700,0
14668,0
14670,0
14672,0
14645,0
14646,0
14647,0
14648,0
14650,0
14665,0
14703,0
14704,0
14673,0
14674,0
14675,0
14676,0
14677,0
14678,0
8045,0
8010,0
8011,0
14682,0
14685,0
14686,0
14689,0
14690,0
8042,0
8009,0
14499,0
10178,0
10179,0
10212,0
10214,0
9848,0
9850,0
14565,0
9873,0
9876,0
8150,0
8151,0
14441,0
14433,0
14435,0
14436,0
9853,0
8116,0
8133,0
8134,0
14474,0
14475,0
14479,0
14480,0
14466,0
14486,0
14487,0
14488,0
14490,0
14491,0
14493,0
14464,0
14465,0
14482,0
14450,0
14452,0
14459,0
14461,0
14462,0
14428,0
14429,0
14468,0
14397,0
14437,0
14438,0
8141,0
8144,0
8145,0
8148,0
8157,0
14396,0
14469,0
14470,0
8121,0
8123,0
8125,0
8126,0
8127,0
8129,0
14449,0
8132,0
10176,0
8163,0
8165,0
14411,0
14442,0
14444,0
14445,0
8131,0
14547,0
14548,0
14550,0
8090,0
8091,0
8092,0
8093,0
8114,0
8095,0
8097,0
8098,0
14524,0
9994,0
9995,0
14527,0
14529,0
8094,0
14566,0
9993,0
14570,0
14571,0
14573,0
14576,0
9997,0
8101,0
10000,0
10001,0
10003,0
10005,0
10006,0
10008,0
14543,0
8099,0
9999,0
14513,0
14517,0
14518,0
14521,0
14496,0
14498,0
14525,0
14531,0
14501,0
14503,0
8104,0
8106,0
8107,0
8109,0
8112,0
8113,0
14500,0
14532,0
14533,0
14534,0
14536,0
14537,0
14538,0
14539,0
8118,0
14512,0
14546,0
14504,0
14505,0
14506,0
14507,0
14508,0
14510,0
14511,0
14545,0
9384,0
9386,0
9388,0
9391,0
9378,0
9382,0
9383,0
10044,0
11337,0
11338,0
11344,0
11346,0
11347,0
11348,0
11349,0
11351,0
11336,0
9398,0
11369,0
11372,0
11378,0
11379,0
11382,0
11383,0
11364,0
9357,0
9362,0
9363,0
11358,0
11360,0
11361,0
11362,0
11363,0
11384,0
9414,0
11312,0
11313,0
11314,0
11316,0
11318,0
11320,0
11388,0
11323,0
11325,0
11327,0
11328,0
11329,0
11330,0
10124,0
10472,0
11322,0
11390,0
11391,0
11393,0
11353,0
11355,0
11356,0
11332,0
9415,0
9400,0
9401,0
9407,0
9409,0
9411,0
9412,0
9392,0
9396,0
11334,0
11470,0
11471,0
11435,0
11438,0
11440,0
11447,0
9336,0
11429,0
9324,0
9325,0
9326,0
9327,0
9328,0
9329,0
9349,0
9365,0
9323,0
11513,0
11515,0
11516,0
9331,0
9333,0
9335,0
11452,0
11497,0
11455,0
11457,0
11485,0
11486,0
11487,0
11488,0
11490,0
11494,0
11454,0
9339,0
9343,0
9344,0
9345,0
11394,0
11396,0
11398,0
9366,0
9371,0
9372,0
9373,0
9375,0
9377,0
11425,0
11427,0
11428,0
9369,0
9367,0
11418,0
11419,0
11420,0
11421,0
11422,0
11460,0
11462,0
9337,0
11467,0
11469,0
11404,0
11405,0
11408,0
11409,0
11411,0
11414,0
11464,0
11195,0
9447,0
11224,0
11225,0
11199,0
11200,0
11201,0
10445,0
11203,0
11204,0
11206,0
11207,0
11208,0
11184,0
11187,0
11188,0
11202,0
11241,0
11209,0
11211,0
11246,0
11247,0
11248,0
11252,0
11193,0
11218,0
11219,0
11220,0
11222,0
9434,0
9437,0
9438,0
11192,0
11253,0
11176,0
11178,0
11180,0
11181,0
11182,0
11150,0
11151,0
11216,0
9757,0
9761,0
9763,0
9742,0
9765,0
9766,0
10457,0
10458,0
11152,0
11217,0
11189,0
11190,0
9448,0
9449,0
9450,0
9454,0
9459,0
11175,0
9477,0
11162,0
11196,0
11198,0
11134,0
11168,0
11169,0
11172,0
9476,0
11292,0
11296,0
11297,0
11298,0
11299,0
11302,0
11303,0
11238,0
10098,0
10099,0
10101,0
10106,0
11265,0
11283,0
11284,0
11287,0
10441,0
10447,0
10449,0
10451,0
10452,0
10454,0
9754,0
9756,0
11291,0
11306,0
11309,0
9428,0
9430,0
9923,0
9431,0
11289,0
11290,0
11304,0
11259,0
11260,0
11263,0
9445,0
9446,0
11267,0
11269,0
9416,0
11275,0
11276,0
11277,0
11226,0
11227,0
11231,0
11233,0
11235,0
11272,0
9417,0
9418,0
9420,0
9421,0
9422,0
9427,0
11278,0
11279,0
11257,0
11282,0
11242,0
11243,0
11245,0
9926,0
10095,0
10096,0
11254,0
11280,0
11714,0
11717,0
11718,0
11721,0
11753,0
11722,0
11723,0
11509,0
11726,0
11692,0
11695,0
11700,0
11701,0
11703,0
9224,0
9225,0
11725,0
11729,0
11732,0
11733,0
11735,0
9210,0
9214,0
9216,0
11712,0
11770,0
9219,0
9220,0
9223,0
11736,0
9238,0
9239,0
11704,0
9218,0
11641,0
10074,0
10079,0
10080,0
10082,0
10084,0
10086,0
9226,0
9912,0
9913,0
9917,0
9918,0
9922,0
11673,0
9783,0
10398,0
10087,0
9227,0
9229,0
9231,0
9232,0
9233,0
9235,0
11675,0
11678,0
11691,0
11681,0
11682,0
11683,0
11684,0
11686,0
11689,0
10073,0
11690,0
11679,0
10413,0
11791,0
11792,0
11794,0
11795,0
11828,0
11832,0
11759,0
11801,0
11802,0
11803,0
11804,0
11806,0
11809,0
11810,0
11813,0
11833,0
9774,0
9778,0
9779,0
11823,0
11815,0
9176,0
9178,0
11819,0
9168,0
9171,0
9182,0
9183,0
9184,0
9186,0
11817,0
11818,0
9166,0
11772,0
11774,0
11776,0
11777,0
11780,0
11738,0
11741,0
11781,0
11745,0
11747,0
11751,0
9198,0
9200,0
11755,0
11756,0
11757,0
11743,0
9192,0
9193,0
9194,0
9196,0
9197,0
9204,0
9205,0
11784,0
11800,0
11787,0
11788,0
11761,0
11763,0
11764,0
11766,0
11767,0
11769,0
11786,0
9294,0
9295,0
9297,0
9300,0
9319,0
11529,0
11561,0
10127,0
11506,0
11533,0
11534,0
11541,0
11543,0
11544,0
11519,0
11521,0
11562,0
11566,0
11567,0
11568,0
11571,0
11574,0
11575,0
11576,0
9292,0
11579,0
11553,0
11581,0
11583,0
11558,0
11559,0
9288,0
9291,0
11578,0
11483,0
9305,0
9309,0
9315,0
9318,0
11499,0
11501,0
11522,0
9905,0
11473,0
11475,0
11478,0
11479,0
9321,0
11507,0
11508,0
9903,0
11523,0
11524,0
11525,0
11557,0
10416,0
10425,0
10426,0
10427,0
11482,0
10429,0
10430,0
10435,0
10436,0
11502,0
11505,0
11480,0
11481,0
10428,0
9240,0
9242,0
9243,0
9245,0
9246,0
9248,0
9781,0
11565,0
11636,0
11640,0
11643,0
11647,0
11648,0
11651,0
11652,0
11656,0
9782,0
10129,0
10130,0
10132,0
10133,0
10134,0
9896,0
9897,0
11671,0
9899,0
9252,0
9253,0
11661,0
11663,0
9270,0
11667,0
11668,0
9898,0
11614,0
11617,0
11620,0
11621,0
11622,0
11588,0
11590,0
11659,0
9279,0
9280,0
9281,0
9284,0
9301,0
9287,0
11592,0
11593,0
9276,0
11660,0
9258,0
9264,0
9265,0
9285,0
11624,0
11625,0
11626,0
11580,0
11632,0
11633,0
11635,0
11595,0
11598,0
11600,0
11606,0
11612,0
11630,0
9662,0
9664,0
9666,0
9667,0
9668,0
9670,0
10687,0
10459,0
10691,0
10719,0
10721,0
10692,0
10695,0
10699,0
10702,0
10703,0
10689,0
10759,0
9626,0
10726,0
10727,0
9642,0
9645,0
9647,0
9661,0
10707,0
10709,0
10710,0
10728,0
10732,0
10734,0
10735,0
9660,0
10706,0
10657,0
10658,0
10659,0
10660,0
10494,0
10537,0
10538,0
10704,0
10510,0
10512,0
10513,0
10517,0
10518,0
10519,0
9720,0
10639,0
10539,0
10705,0
9683,0
9686,0
9687,0
10664,0
10666,0
9658,0
10656,0
10667,0
10669,0
10671,0
10673,0
10677,0
10679,0
10684,0
10654,0
10645,0
10805,0
10806,0
10808,0
10777,0
10782,0
10784,0
10815,0
10752,0
10788,0
10790,0
9608,0
9610,0
9613,0
9616,0
9618,0
9619,0
10749,0
10826,0
10827,0
10829,0
10830,0
10831,0
9621,0
10792,0
10804,0
10835,0
10836,0
10796,0
10797,0
10798,0
10799,0
10800,0
10803,0
10793,0
10761,0
10763,0
10767,0
10768,0
10770,0
10775,0
10776,0
9620,0
10740,0
10743,0
10744,0
9671,0
10714,0
10716,0
10717,0
10750,0
10736,0
9634,0
9635,0
9636,0
9639,0
10485,0
10486,0
9732,0
9735,0
9653,0
9744,0
9748,0
10747,0
10748,0
9630,0
9650,0
9651,0
9652,0
9743,0
10533,0
10534,0
10535,0
10536,0
9714,0
9715,0
9717,0
10644,0
10546,0
10547,0
10548,0
10549,0
10551,0
9726,0
9729,0
9730,0
10541,0
10573,0
10553,0
10555,0
10556,0
10557,0
10587,0
10588,0
9707,0
10591,0
10592,0
10563,0
10564,0
10566,0
9704,0
9705,0
9706,0
10589,0
15367,0
7720,0
7722,0
7723,0
7724,0
7714,0
7715,0
10559,0
7718,0
15394,0
15392,0
15390,0
15389,0
15385,0
15387,0
9960,0
7716,0
10560,0
10561,0
10562,0
10520,0
10522,0
10523,0
10524,0
10529,0
15364,0
10531,0
10532,0
15397,0
15357,0
15359,0
15360,0
15361,0
15363,0
10530,0
9694,0
10646,0
10647,0
10649,0
10650,0
10651,0
10652,0
10572,0
10616,0
10617,0
10620,0
10621,0
10600,0
10602,0
10603,0
10625,0
10653,0
10622,0
10623,0
10624,0
9672,0
9673,0
9674,0
9675,0
9693,0
9678,0
9682,0
10635,0
10636,0
10637,0
10489,0
10490,0
9692,0
9676,0
10596,0
10597,0
10598,0
10599,0
9708,0
9710,0
10604,0
10626,0
10608,0
10609,0
10610,0
10611,0
9718,0
10568,0
10569,0
10571,0
10607,0
10627,0
10628,0
10630,0
10631,0
10633,0
10614,0
10615,0
9691,0
10595,0
10579,0
10585,0
9696,0
9697,0
9700,0
9701,0
9702,0
10593,0
10577,0
11082,0
11052,0
11030,0
11031,0
9528,0
9529,0
9530,0
10824,0
9532,0
9535,0
9515,0
9517,0
9518,0
9519,0
9523,0
9542,0
9531,0
9499,0
9500,0
9502,0
9504,0
9505,0
11033,0
11034,0
11079,0
11038,0
11039,0
11040,0
11041,0
11042,0
11074,0
11075,0
11078,0
11036,0
10992,0
9536,0
9537,0
9538,0
9539,0
9540,0
11002,0
11005,0
10975,0
10978,0
10980,0
10981,0
9544,0
9547,0
9553,0
11017,0
11001,0
11006,0
11007,0
11008,0
11011,0
11012,0
11015,0
11044,0
11048,0
10991,0
11050,0
11026,0
9559,0
10984,0
10986,0
10987,0
10988,0
10989,0
11049,0
9494,0
9495,0
9511,0
11097,0
11098,0
11101,0
11103,0
9498,0
11137,0
11138,0
11140,0
11143,0
11144,0
11145,0
11147,0
11119,0
11136,0
10460,0
10461,0
10463,0
11128,0
11129,0
11132,0
11125,0
9473,0
9483,0
9484,0
11155,0
11156,0
9466,0
9467,0
9468,0
9472,0
11126,0
11072,0
11104,0
11111,0
11112,0
11114,0
11115,0
11116,0
11121,0
11085,0
11054,0
11055,0
11056,0
11058,0
11059,0
9514,0
11095,0
11083,0
11123,0
11087,0
11088,0
11090,0
11092,0
9485,0
9487,0
9488,0
11071,0
9490,0
9491,0
9492,0
9508,0
9526,0
11066,0
11067,0
11070,0
9489,0
10859,0
9590,0
9591,0
10889,0
10890,0
10891,0
10893,0
11020,0
10895,0
10900,0
10871,0
10872,0
10874,0
10875,0
10877,0
10853,0
10894,0
10903,0
10879,0
10881,0
10109,0
10111,0
10112,0
10115,0
9606,0
10117,0
10118,0
10120,0
10121,0
9583,0
9584,0
9585,0
9587,0
10116,0
10837,0
10838,0
10840,0
10841,0
10842,0
10845,0
10847,0
10885,0
10854,0
10855,0
9592,0
9594,0
10816,0
10817,0
10822,0
10823,0
10809,0
10886,0
10887,0
9576,0
9580,0
9581,0
9582,0
9600,0
9602,0
10869,0
9604,0
10832,0
10833,0
10834,0
10862,0
10863,0
10867,0
10868,0
9603,0
10974,0
9571,0
9572,0
10936,0
10939,0
10940,0
10943,0
10123,0
10946,0
10947,0
9554,0
10928,0
10931,0
10932,0
10933,0
10934,0
10945,0
11022,0
11025,0
9556,0
9557,0
10954,0
10955,0
10957,0
11000,0
10961,0
10964,0
10966,0
10967,0
10968,0
10969,0
10972,0
10994,0
10960,0
10923,0
10925,0
10926,0
10108,0
10952,0
10469,0
10471,0
10935,0
10503,0
10508,0
10476,0
10478,0
10480,0
10482,0
10484,0
10122,0
10500,0
9562,0
9563,0
9564,0
9565,0
9566,0
9567,0
9568,0
9570,0
10922,0
9589,0
10906,0
10907,0
10908,0
10909,0
10910,0
10912,0
10914,0
9588,0
8804,0
8805,0
8821,0
12699,0
12700,0
12701,0
12705,0
9770,0
12737,0
12741,0
12742,0
12744,0
12713,0
12715,0
12716,0
12719,0
12708,0
12776,0
12745,0
12746,0
12747,0
12720,0
12721,0
12722,0
8801,0
8792,0
8795,0
8796,0
8797,0
8777,0
8779,0
8781,0
8784,0
12727,0
12668,0
12669,0
12671,0
12676,0
10313,0
10356,0
10358,0
12683,0
9784,0
9785,0
9786,0
9787,0
9788,0
9789,0
9790,0
9791,0
10359,0
12684,0
12685,0
12689,0
12692,0
12694,0
8808,0
8798,0
12667,0
12658,0
8810,0
8811,0
8813,0
8814,0
8815,0
8816,0
12665,0
8800,0
12786,0
12787,0
12817,0
12820,0
12821,0
12822,0
12823,0
12774,0
12826,0
8767,0
8768,0
8771,0
8789,0
8790,0
12760,0
12762,0
12824,0
8775,0
12793,0
12794,0
12839,0
8744,0
8745,0
8746,0
12784,0
8750,0
8751,0
8752,0
12806,0
12807,0
12809,0
12781,0
12782,0
8749,0
8760,0
8763,0
8764,0
8786,0
8787,0
8788,0
8807,0
12764,0
12730,0
12731,0
12732,0
12733,0
12735,0
12770,0
12771,0
12772,0
12728,0
12766,0
12769,0
12796,0
12802,0
12803,0
12779,0
12780,0
12748,0
12791,0
12750,0
12751,0
12752,0
12754,0
12755,0
12758,0
12788,0
12789,0
12749,0
8861,0
8862,0
8863,0
12587,0
12588,0
8868,0
8869,0
12653,0
12526,0
12527,0
12529,0
12530,0
12531,0
12535,0
12538,0
12567,0
12521,0
12558,0
12559,0
12562,0
12563,0
12564,0
12566,0
12610,0
8858,0
12573,0
12574,0
12575,0
12576,0
12549,0
12550,0
8856,0
8857,0
12572,0
12495,0
12496,0
12497,0
12500,0
12502,0
12505,0
12507,0
12569,0
12539,0
12513,0
12512,0
8898,0
8901,0
8903,0
12472,0
12473,0
12511,0
12544,0
12546,0
12516,0
8872,0
8873,0
8874,0
8877,0
8878,0
12493,0
8881,0
8882,0
8884,0
8885,0
8886,0
12520,0
12490,0
12492,0
8879,0
12632,0
12659,0
12662,0
12638,0
12640,0
12641,0
12643,0
12553,0
12647,0
8824,0
8825,0
8846,0
8848,0
8849,0
8850,0
8835,0
12644,0
12656,0
12657,0
8826,0
8827,0
8828,0
12677,0
12680,0
12631,0
8838,0
12648,0
12650,0
12651,0
12652,0
10347,0
9829,0
9831,0
12681,0
8844,0
8845,0
12578,0
12579,0
12582,0
12584,0
12585,0
8836,0
12589,0
12591,0
12594,0
12595,0
12596,0
12597,0
12599,0
8870,0
8853,0
8837,0
12618,0
12619,0
12620,0
12622,0
12626,0
12627,0
12628,0
8843,0
12603,0
12609,0
12633,0
12634,0
12614,0
12615,0
8840,0
8841,0
12629,0
13035,0
13036,0
13039,0
13040,0
13044,0
13078,0
13079,0
8773,0
13057,0
13026,0
13027,0
13028,0
13029,0
13030,0
8680,0
8683,0
13080,0
13061,0
8666,0
8668,0
8669,0
13095,0
13096,0
13099,0
13034,0
13101,0
8679,0
13065,0
13067,0
13068,0
8693,0
8694,0
13033,0
13100,0
12985,0
12987,0
12990,0
12991,0
12993,0
12995,0
12996,0
8684,0
8686,0
8687,0
13006,0
12980,0
12981,0
12982,0
12983,0
8696,0
13001,0
8685,0
8673,0
8677,0
8678,0
8691,0
8692,0
13010,0
13011,0
13025,0
13013,0
13014,0
13015,0
13016,0
13018,0
13050,0
13051,0
13053,0
13012,0
8641,0
13115,0
13118,0
13119,0
13121,0
13122,0
13123,0
13060,0
13125,0
10287,0
10314,0
10317,0
10323,0
10326,0
10327,0
9800,0
13124,0
8622,0
13163,0
13164,0
13134,0
13135,0
13136,0
13137,0
8639,0
13143,0
8633,0
8635,0
13178,0
13180,0
8653,0
8637,0
8638,0
13138,0
10285,0
13069,0
13073,0
13075,0
8654,0
8656,0
8658,0
9801,0
13083,0
13084,0
13086,0
13088,0
13089,0
13090,0
13091,0
13059,0
8659,0
9802,0
9803,0
8651,0
8652,0
13092,0
13093,0
13094,0
13126,0
10284,0
13128,0
13133,0
13104,0
13106,0
13108,0
13111,0
8648,0
8649,0
13127,0
12864,0
12865,0
12867,0
12892,0
12894,0
12897,0
12899,0
8698,0
12905,0
12906,0
8758,0
12840,0
12842,0
8740,0
8741,0
8743,0
12902,0
12928,0
12929,0
12890,0
10307,0
10309,0
10310,0
9810,0
12863,0
10336,0
10338,0
10340,0
10346,0
12908,0
8737,0
8738,0
12888,0
10333,0
8756,0
12810,0
12812,0
12814,0
12815,0
12816,0
12846,0
12872,0
12850,0
12851,0
12852,0
12854,0
12855,0
12828,0
12829,0
8772,0
12847,0
12880,0
12882,0
12884,0
12857,0
12830,0
12832,0
12835,0
12836,0
8753,0
12869,0
12870,0
12871,0
8728,0
8730,0
8732,0
8733,0
8735,0
12868,0
12979,0
12942,0
12943,0
12946,0
12947,0
12948,0
12949,0
12927,0
12951,0
12952,0
12955,0
8706,0
8707,0
8708,0
12930,0
12934,0
12950,0
8699,0
8700,0
8701,0
8703,0
8704,0
13022,0
13023,0
13004,0
12984,0
12959,0
12963,0
12967,0
12968,0
12974,0
12975,0
13003,0
8709,0
10052,0
10053,0
10054,0
10055,0
9932,0
9936,0
12910,0
8712,0
12914,0
12915,0
12916,0
12920,0
12921,0
12923,0
12924,0
12925,0
12911,0
8713,0
8715,0
8722,0
8724,0
8726,0
9957,0
12976,0
12936,0
10051,0
9958,0
9959,0
10042,0
10043,0
15334,0
10045,0
10047,0
10049,0
12937,0
12044,0
12045,0
12046,0
12087,0
12088,0
12089,0
12016,0
12474,0
12050,0
12052,0
12057,0
12030,0
12032,0
12033,0
12036,0
12037,0
12049,0
12093,0
12095,0
12096,0
12058,0
12060,0
12061,0
12064,0
12041,0
12066,0
12067,0
9071,0
9072,0
12071,0
12073,0
12075,0
12076,0
12065,0
9085,0
9086,0
9088,0
9089,0
9091,0
9092,0
9093,0
12039,0
12009,0
12010,0
10397,0
11992,0
11993,0
11994,0
12017,0
12019,0
12008,0
9081,0
9793,0
9795,0
10400,0
10401,0
10402,0
10404,0
10405,0
9084,0
10407,0
10410,0
10412,0
12013,0
12014,0
9096,0
9098,0
9099,0
10406,0
9061,0
12120,0
12161,0
12164,0
12166,0
12172,0
12176,0
12092,0
12139,0
12106,0
12109,0
12110,0
12111,0
12112,0
12150,0
12151,0
12138,0
12142,0
12145,0
12147,0
12148,0
12183,0
9016,0
9017,0
9060,0
9019,0
9020,0
9022,0
9025,0
9027,0
12153,0
9053,0
9059,0
9018,0
12137,0
9073,0
9074,0
9075,0
9079,0
12079,0
12080,0
9032,0
12083,0
12085,0
12086,0
12113,0
12117,0
12118,0
12119,0
9048,0
12082,0
9041,0
9042,0
9045,0
9047,0
9052,0
9049,0
12098,0
9064,0
12135,0
9068,0
9069,0
12121,0
12125,0
12126,0
12127,0
12133,0
12134,0
9065,0
11900,0
11899,0
11868,0
11869,0
11870,0
11871,0
11872,0
12020,0
11876,0
11877,0
11879,0
9144,0
9135,0
9136,0
9138,0
9156,0
11873,0
9133,0
11945,0
11947,0
11948,0
11951,0
11952,0
9140,0
11927,0
9159,0
11880,0
11883,0
11884,0
11885,0
11892,0
11893,0
11924,0
9158,0
11838,0
11839,0
11841,0
11842,0
11843,0
11845,0
11846,0
9149,0
9163,0
10414,0
10417,0
10418,0
10420,0
10422,0
10423,0
9769,0
9160,0
9151,0
9154,0
9172,0
9173,0
9174,0
11853,0
11856,0
11857,0
11836,0
11860,0
11894,0
11897,0
11898,0
11863,0
11864,0
11865,0
11834,0
11859,0
9108,0
11985,0
11987,0
11988,0
11958,0
9113,0
9116,0
9130,0
9120,0
11996,0
11997,0
11998,0
11999,0
12001,0
12002,0
11960,0
9117,0
12024,0
12027,0
12003,0
12004,0
12005,0
12006,0
12007,0
9106,0
11967,0
11969,0
11970,0
11971,0
9101,0
9102,0
9103,0
9105,0
11965,0
11919,0
11920,0
9121,0
9122,0
9123,0
9124,0
9126,0
11961,0
11930,0
11932,0
11901,0
11903,0
11904,0
11907,0
11911,0
9129,0
11929,0
11962,0
11964,0
11936,0
11937,0
11940,0
11941,0
11973,0
11976,0
11916,0
11978,0
11979,0
11980,0
11981,0
11953,0
11957,0
9143,0
11915,0
11977,0
12363,0
12364,0
12365,0
12366,0
12367,0
12369,0
12373,0
12140,0
12377,0
12380,0
12383,0
12386,0
12388,0
12389,0
12390,0
12353,0
12375,0
12422,0
12423,0
12424,0
12391,0
12393,0
12396,0
12401,0
8929,0
12404,0
12406,0
8920,0
8921,0
8923,0
8924,0
8925,0
8928,0
12402,0
10072,0
12331,0
12348,0
12349,0
12351,0
12352,0
12335,0
12354,0
12340,0
12345,0
12346,0
12313,0
9940,0
9941,0
9942,0
9943,0
12338,0
12357,0
12359,0
8936,0
8942,0
8943,0
8945,0
9938,0
8948,0
10070,0
8951,0
12362,0
10056,0
10057,0
10058,0
10063,0
10064,0
10069,0
8950,0
8896,0
9805,0
9798,0
10360,0
10361,0
10364,0
10366,0
12420,0
10368,0
10371,0
10372,0
10373,0
10374,0
12453,0
12455,0
8914,0
10367,0
12482,0
12485,0
12486,0
12487,0
8887,0
12457,0
12458,0
8894,0
12459,0
12461,0
12462,0
12467,0
12469,0
12470,0
8891,0
8892,0
12488,0
12434,0
12437,0
12438,0
8908,0
8909,0
8910,0
8912,0
8915,0
8932,0
8935,0
12409,0
12410,0
12411,0
12413,0
12417,0
12419,0
8913,0
8916,0
8897,0
8919,0
12440,0
12441,0
12443,0
12444,0
12446,0
12433,0
12448,0
12451,0
9792,0
12425,0
12426,0
12428,0
12429,0
12430,0
12447,0
8985,0
8988,0
8989,0
8991,0
8994,0
8995,0
8996,0
12317,0
9031,0
12186,0
12187,0
12188,0
12222,0
12223,0
12226,0
12227,0
8997,0
12217,0
12218,0
12221,0
12253,0
12254,0
12255,0
12256,0
9014,0
12259,0
12260,0
12261,0
12263,0
12264,0
10377,0
9008,0
9010,0
12257,0
9029,0
12155,0
12156,0
12157,0
12158,0
12189,0
12192,0
12228,0
12197,0
12198,0
12199,0
9002,0
9003,0
9004,0
9006,0
9007,0
12194,0
12230,0
12231,0
12232,0
12233,0
12234,0
12177,0
12178,0
12179,0
12216,0
12182,0
9015,0
12200,0
12201,0
12202,0
12212,0
12214,0
12215,0
12180,0
8960,0
8961,0
8962,0
8964,0
8966,0
8981,0
12314,0
12241,0
12316,0
12281,0
12284,0
12285,0
12286,0
12287,0
12288,0
12295,0
12315,0
12318,0
12319,0
12320,0
12321,0
12323,0
12326,0
12327,0
8955,0
12301,0
12333,0
12334,0
12307,0
12308,0
12309,0
12311,0
8953,0
12330,0
12250,0
12252,0
10348,0
10350,0
10353,0
10384,0
10385,0
12296,0
10389,0
10390,0
10391,0
10393,0
10394,0
10395,0
10396,0
12266,0
10387,0
12297,0
12298,0
12267,0
12269,0
12270,0
12304,0
12243,0
12275,0
12249,0
8970,0
8971,0
8972,0
8974,0
8975,0
8978,0
8979,0
8980,0
12279,0
